{
  "Requisição HTTP - Governo Federal do Brasil" : {
    "transaction" : "Requisição HTTP - Governo Federal do Brasil",
    "sampleCount" : 300,
    "errorCount" : 0,
    "errorPct" : 0.0,
    "meanResTime" : 13508.726666666666,
    "medianResTime" : 11721.0,
    "minResTime" : 1146.0,
    "maxResTime" : 30387.0,
    "pct1ResTime" : 21953.600000000002,
    "pct2ResTime" : 23515.1,
    "pct3ResTime" : 27746.96000000001,
    "throughput" : 9.076057360682519,
    "receivedKBytesPerSec" : 1493.8403646778754,
    "sentKBytesPerSec" : 2.082884257578508
  },
  "Requisição HTTP - Correios" : {
    "transaction" : "Requisição HTTP - Correios",
    "sampleCount" : 300,
    "errorCount" : 0,
    "errorPct" : 0.0,
    "meanResTime" : 21205.15333333332,
    "medianResTime" : 19058.0,
    "minResTime" : 11754.0,
    "maxResTime" : 43016.0,
    "pct1ResTime" : 31285.800000000017,
    "pct2ResTime" : 35180.799999999996,
    "pct3ResTime" : 38489.92,
    "throughput" : 6.909576673269151,
    "receivedKBytesPerSec" : 688.8740206034939,
    "sentKBytesPerSec" : 1.6734131005573725
  },
  "Total" : {
    "transaction" : "Total",
    "sampleCount" : 2100,
    "errorCount" : 0,
    "errorPct" : 0.0,
    "meanResTime" : 10712.722380952382,
    "medianResTime" : 8491.0,
    "minResTime" : 328.0,
    "maxResTime" : 43016.0,
    "pct1ResTime" : 23977.800000000003,
    "pct2ResTime" : 26610.699999999997,
    "pct3ResTime" : 35154.70999999995,
    "throughput" : 41.69065533739652,
    "receivedKBytesPerSec" : 3239.131115870243,
    "sentKBytesPerSec" : 6.310597243453574
  },
  "Requisição HTTP - Correios-0" : {
    "transaction" : "Requisição HTTP - Correios-0",
    "sampleCount" : 300,
    "errorCount" : 0,
    "errorPct" : 0.0,
    "meanResTime" : 1788.3500000000001,
    "medianResTime" : 1708.0,
    "minResTime" : 400.0,
    "maxResTime" : 2880.0,
    "pct1ResTime" : 2707.9,
    "pct2ResTime" : 2790.8,
    "pct3ResTime" : 2870.99,
    "throughput" : 87.10801393728224,
    "receivedKBytesPerSec" : 37.769490418118465,
    "sentKBytesPerSec" : 10.54823606271777
  },
  "Requisição HTTP - Google" : {
    "transaction" : "Requisição HTTP - Google",
    "sampleCount" : 300,
    "errorCount" : 0,
    "errorPct" : 0.0,
    "meanResTime" : 5563.219999999998,
    "medianResTime" : 4159.0,
    "minResTime" : 1875.0,
    "maxResTime" : 24789.0,
    "pct1ResTime" : 10445.2,
    "pct2ResTime" : 13800.799999999988,
    "pct3ResTime" : 18975.8,
    "throughput" : 8.319929003272506,
    "receivedKBytesPerSec" : 127.13989007293804,
    "sentKBytesPerSec" : 0.9668667494037384
  },
  "Requisição HTTP - Governo Federal do Brasil-1" : {
    "transaction" : "Requisição HTTP - Governo Federal do Brasil-1",
    "sampleCount" : 300,
    "errorCount" : 0,
    "errorPct" : 0.0,
    "meanResTime" : 9269.58666666666,
    "medianResTime" : 7623.0,
    "minResTime" : 817.0,
    "maxResTime" : 25863.0,
    "pct1ResTime" : 18044.700000000008,
    "pct2ResTime" : 20176.399999999998,
    "pct3ResTime" : 24645.540000000023,
    "throughput" : 9.810975210935968,
    "receivedKBytesPerSec" : 1606.959398658758,
    "sentKBytesPerSec" : 1.1497236575315586
  },
  "Requisição HTTP - Correios-1" : {
    "transaction" : "Requisição HTTP - Correios-1",
    "sampleCount" : 300,
    "errorCount" : 0,
    "errorPct" : 0.0,
    "meanResTime" : 19415.560000000005,
    "medianResTime" : 17326.5,
    "minResTime" : 9156.0,
    "maxResTime" : 41064.0,
    "pct1ResTime" : 30042.90000000001,
    "pct2ResTime" : 32954.9,
    "pct3ResTime" : 37319.16,
    "throughput" : 6.979016423951984,
    "receivedKBytesPerSec" : 692.7709975704299,
    "sentKBytesPerSec" : 0.8451152700879356
  },
  "Requisição HTTP - Governo Federal do Brasil-0" : {
    "transaction" : "Requisição HTTP - Governo Federal do Brasil-0",
    "sampleCount" : 300,
    "errorCount" : 0,
    "errorPct" : 0.0,
    "meanResTime" : 4238.459999999999,
    "medianResTime" : 4043.5,
    "minResTime" : 328.0,
    "maxResTime" : 10069.0,
    "pct1ResTime" : 7519.200000000019,
    "pct2ResTime" : 8516.099999999999,
    "pct3ResTime" : 9704.9,
    "throughput" : 9.532888465204957,
    "receivedKBytesPerSec" : 7.619794149189705,
    "sentKBytesPerSec" : 1.0705880600571973
  }
}